{
	"IcoMoonType": "selection",
	"icons": [
		{
			"icon": {
				"paths": [
					"M0 369.714q0-21.143 32-26.286l286.857-41.714 128.571-260q10.857-23.429 28-23.429t28 23.429l128.571 260 286.857 41.714q32 5.143 32 26.286 0 12.571-14.857 27.429l-207.429 202.286 49.143 285.714q0.571 4 0.571 11.429 0 12-6 20.286t-17.429 8.286q-10.857 0-22.857-6.857l-256.571-134.857-256.571 134.857q-12.571 6.857-22.857 6.857-12 0-18-8.286t-6-20.286q0-3.429 1.143-11.429l49.143-285.714-208-202.286q-14.286-15.429-14.286-27.429z"
				],
				"width": 951,
				"tags": [
					"star"
				],
				"defaultCode": 61445,
				"grid": 14
			},
			"properties": {
				"id": 5,
				"order": 7,
				"prevSize": 28,
				"code": 61445,
				"name": "estrella",
				"ligatures": ""
			},
			"setIdx": 0,
			"iconIdx": 5
		},
		{
			"icon": {
				"paths": [
					"M847.923 176.026c-73.83-73.882-129.28-62.822-129.28-62.822l-554.291 554.291-51.712 243.866 243.866-51.712 554.24-554.24c0 0 11.11-55.45-62.822-129.382zM341.965 830.31l-83.098 17.92c-8.038-15.002-17.715-30.003-35.379-47.718-17.664-17.664-32.717-27.29-47.718-35.328l17.971-83.149 24.013-24.013c0 0 45.261 0.922 96.307 51.968 51.098 51.098 52.019 96.358 52.019 96.358l-24.115 23.962z"
				],
				"tags": [
					"pencil",
					"write",
					"blog",
					"edit",
					"save"
				],
				"grid": 20
			},
			"properties": {
				"id": 6,
				"order": 5,
				"prevSize": 20,
				"code": 58880,
				"name": "pluma",
				"ligatures": ""
			},
			"setIdx": 1,
			"iconIdx": 6
		},
		{
			"icon": {
				"paths": [
					"M901.12 512.768l-195.994-0.051 0.051-359.219h-386.662v359.27l-195.635-0.051 389.12 388.301z"
				],
				"tags": [
					"arrow-down",
					"download",
					"bottom"
				],
				"grid": 20
			},
			"properties": {
				"id": 190,
				"order": 4,
				"prevSize": 20,
				"code": 58881,
				"name": "flecha-abajo",
				"ligatures": ""
			},
			"setIdx": 1,
			"iconIdx": 190
		},
		{
			"icon": {
				"paths": [
					"M901.12 511.232l-195.994 0.051 0.051 359.219h-386.662v-359.27l-195.635 0.051 389.171-388.301z"
				],
				"tags": [
					"arrow-up- upload",
					"top"
				],
				"grid": 20
			},
			"properties": {
				"id": 191,
				"order": 3,
				"prevSize": 20,
				"code": 58882,
				"name": "flecha-arriba",
				"ligatures": ""
			},
			"setIdx": 1,
			"iconIdx": 191
		}
	],
	"height": 1024,
	"metadata": {
		"name": "icomoon"
	},
	"preferences": {
		"showGlyphs": true,
		"showQuickUse": true,
		"fontPref": {
			"prefix": "icon-",
			"metadata": {
				"fontFamily": "icomoon"
			},
			"metrics": {
				"emSize": 512,
				"baseline": 6.25,
				"whitespace": 50
			}
		},
		"imagePref": {},
		"historySize": 100,
		"showCodes": true,
		"search": ""
	}
}